Wissenskultur;Konnektivität
Open Science;Augmented Reality
Informationsdesign;E-Commerce
Bildungsbusiness;Crowd Funding
Massive Open Online Course;FinTech
Gamification;Industrie 4.0
Predictive Analytics;Big Data
Talentismus;Cybercrime
Open Innovation;Privacy
Kollaboration;Predictive Analytics
Sharing Economy;Selftracking
Female Shift;E-Health
Life-Long-Learning;Me-Cloud
Tutorial Learning;Open Innovation
Creativiteens;Pop-up Money
Neugiermanagement;Swapping
;Smart Devices
;Internet der Dinge
;Social Networks